AQAAAIXAgBQr0RdA/JF96x4bR0A=,25507384,,"CPI Saint-Jean-de-Gonville"
AQAAAIeP4+IDFhhAyvyjb9LoRkA=,282232391,,
AQAAAJq+jYMB4hpAb7QtFPoJR0A=,291335837,,"Centre de Secours Cantonnal"
AQAAAEkL4eLy4RpAz8MJTKebRkA=,308942753,,
AQAAAId7G1GQJhdAn4vQGWLsRkA=,344425674,,"Pompiers"
AQAAAG+zwj5L4RBA+AyXC0veRkA=,346316617,,"Caserne de Pompiers"
AQAAAO2NENTfIRVArKnRUEiSRkA=,361380272,,"Caserne de Chatte"
AQAAAMwc3OdC/hZAcStzqQCTRkA=,353124587,,"Caserne d'Eybens"
AQAAALgFS3UBPxRAdstpqoJDRkA=,390679881,,
AQAAAH8IYLmUqRNAUSJ4Mu4gR0A=,463170227,,"Saint-Jean-sur-Veyle"
AQAAAGk8EcR5uBNAku18PzXQRkA=,468172961,,"Caserne Paul Badin"
AQAAAOhb1UgBABVAs6/hjtyMRkA=,487192967,,
AQAAADs+tVWkFRlA4BRWKqieRkA=,472729375,,
AQAAACqgmtw5FhdAKF91iY+KRkA=,497126660,,
AQAAAJtNkY1RUBNADkXLy6vdRkA=,506588075,,"CS Gerland"
AQAAADLt9rQeuRdAthvYhXqpRkA=,495547528,,
AQAAAOHQAINJ5hNANsUtMHWPRkA=,512023706,,
AQAAAI4Oo3sxRxhAs5lDUgsrR0A=,530626775,,
AQAAAIWxKmeUWxhAi8iwijf3RkA=,529457062,,"SDIS 74"
AQAAAEMFhxdEfBhAPJo0VxceR0A=,528517156,,
AQAAANF3t7JE9xJAoGNRItPaRkA=,557201780,,"Sapeurs pompiers"
AQAAALhNAuUAGxFA6Xer+NDlRkA=,651064011,,
AQAAAJpvjoTHiBNAnkXvVMAhR0A=,654178736,,"Pont-de-Veyle"
AQAAAMrbtpSYdBRAgpYJGo7RRkA=,648493903,,
AQAAAGqXJfA9YhJAbD3ofvNbRkA=,660480850,,"SDIS Ardèche"
AQAAAA6v2uuTchJARGLMp9hbRkA=,660482061,,"Services techniques SDIS 07"
AQAAABFgR9IkpxJAWznF9M7oRkA=,671331429,,
AQAAAGdNh6mIhhJAz4tuGGD7RkA=,674472075,,"Local SDIS"
AQAAADrB7b+EyBhAYzFFFO4XR0A=,707059754,,"Caserne de Thônex"
AQAAAO1CGOTTMBpAeIYE5+cxR0A=,776028961,,
AQAAAPj3vl2bShJA8VQb90GmRkA=,767468325,,"Bourg-Argental"
AQAAAM7lBkMdRhpAM+zmmOKxRkA=,824930155,,"Méribel"
AQAAAIFJhQw/AxdA3y6gvDTaRkA=,845819806,,
AQAAAEKDqFa6VhJAplZOMb3aRkA=,846831329,,
AQAAAB1FMdS83hNAgYLmzqfhRkA=,857125064,,
AQAAABbrCmyEXBJAvhb03hjGRkA=,866754934,,
AQAAAFvcNdcfXxZA9raZCvGPRkA=,871755203,,
AQAAAPqUCPlFlhhAjvG8ryUSR0A=,916299203,,"Centre de Première Intervention"
AQAAAPtpkg7FWxVAIM39eiqIRkA=,918050758,,"Caserne SP"
AQAAAOMQuwBFNhRAnmLVIMzsRkA=,983569094,,
AQAAALpi674IVxdAcWcV7HX6RkA=,1222800701,,"Centre de Secours"
AQAAAGl0B7EzdRhADRbzGIoqR0A=,1240297083,,"CPINI Grily"
AQAAAGtC/6ldsBlAT+IYbmXgRkA=,1241138500,,
AQAAALVOAdXkRhhARkYHJGEoR0A=,1270513020,,"CPI Cessy"
AQAAAFl9v+K6YxFABjpJqToVR0A=,1294997066,,
AQAAAD8+ITtvUxRAQDbJj/jcRkA=,1342262568,,
AQAAAOq6Sz1mYxNAF5v7UA4lRkA=,1378841359,,"Caserne des pompiers"
AQAAABIKW/0iuhNAA8Bn2rQkRkA=,1382166310,,
AQAAALb8Gw8RyhJAoMa9+Q3LRkA=,1388448333,,
AQAAAOdMJOL30BJAoB1wXTH1RkA=,1392808051,,
AQAAAPTBMjZ00xFAvAm+afoSR0A=,1392972088,,"Centre de sécurité"
AQAAANa+yuvSMBNAD6A6seLnRkA=,1454623873,,
AQAAAFBmzdlMPxVA1fmmnybQRkA=,1509625479,,
AQAAAF+T2jCvABRAxXdi1ovrRkA=,1572980447,,
AQAAAC+Hgr6ZTRJANZJObiV+RkA=,1590096459,,
AQAAAEnSfyCK4xVAwuxUrxHWRkA=,1614271390,,"Centre de Secours du Pays des Couleurs (Pompiers)"
AQAAAFnHTP0X8xtA1NnJ4Ci5RkA=,1619332674,,"Centre de Secours de Val d'Isère"
AQAAADpkXqLVlBJArehqhq8JR0A=,1677375595,,
AQAAAOfkRSbg1xFA3anKCLneRkA=,1704268092,,
AQAAAF2UNNoFNhJAIvB2c6fjRkA=,1697829457,,
AQAAANJkta/yQhFA/rypSIUDR0A=,1706063228,,
AQAAAJKhGXp60xFAmQxsOqfQRkA=,1718359260,,"Caserne des Pompiers"
AQAAADUr24e8JRZAwVjfwOTeRkA=,1746948023,,
AQAAAANnhBLB2xdAY8Gz8+yiRkA=,1748596078,,"Sapeurs Pompiers des Adrets"
AQAAACUhkbbxVxZAWScdm9PYRkA=,1749572803,,
AQAAALz05btKRRNAbb5bas7+RkA=,1758442874,,"Caserne Municipale des Sapeurs Pompiers"
AQAAAPTNkfAYWRpAVvcjoB0zR0A=,1758584899,,
AQAAAOB9n7tuCxhAnWnC9pPPRkA=,1777127273,,
AQAAAA4yychZSBRAGvBD754rR0A=,1785194894,,"Caserne du CPINI"
AQAAAP3v0pfvehJA7ar2n+vqRkA=,1785814650,,"Caserne des pompiers de l'Arbresle"
AQAAAA9K8yJueRRAtLJ9yFsqR0A=,1787278104,,"Caserne des pompiers"
AQAAALHv1G2aWBJA9tcrLLgTR0A=,1788408909,,
AQAAAFlrzfukZxRA+uMH+H8oRkA=,1793091902,,
AQAAAAg4KXHCwRRAao2c4PYZR0A=,1805525284,,
AQAAACcLqewF2BNArOnVW16dRkA=,1814937304,,"Sapeurs Pompiers"
AQAAAHWuKCUEyxFArA5vjFMAR0A=,1817488533,,
AQAAADzQ+d8A6RlAi6SCL/EuR0A=,1820222441,,
AQAAACavzjEggxlAEvS8wFEiR0A=,1816627008,,"Cpi Bons en Chablais"
AQAAAKfNOA1RhRVAGHppL0c+RkA=,1825329730,,
AQAAANpoSvybeRRAW/dF+M0sRkA=,1830434500,,
AQAAAFxVm6SeIhZAaRTcWQXGRkA=,1832161086,,"Pompiers"
AQAAABmllYytKRBAJC2VtyPARkA=,1840286817,,
AQAAALU+QFKf3xJAH4HkQor3RkA=,1853256001,,
AQAAAJdtTPSeVxBA3YGVnkQFR0A=,1849085672,,"CIS 42"
AQAAANGdu7joXxNAJxTHJp7hRkA=,1867740798,,"Service Départemental Incendie Secours du Rhône"
AQAAAEiDJWjdYBNAwIqdOqDhRkA=,1867740849,,"Service Départemental Incendie Secours du Rhône"
AQAAAEeRtYZSAxpANOPIXkrnRkA=,1872742430,,"Centre de Secours"
AQAAACtab4p9iBRAqzZJPVVLRkA=,1871592647,,
AQAAAJdP+1LkZRNAx1nHp7YgR0A=,1901909321,,"18"
AQAAAJQJrqh3JxdAcQZ/v5hyRkA=,1907684427,,"SDIS Isère Caserne des Pompiers"
AQAAAI1g4/p3vRNABAHXunlFRkA=,1918948855,,
AQAAABqsk47NSRNAsLGmDeLmRkA=,1919074851,,"Caserne de Saint-Cyr et Saint-Didier"
AQAAAHXlWIOctBFATohvF1B0RkA=,1934396417,,
AQAAAIJk8OZfIRNA3CuYnerQRkA=,1930902962,,
AQAAABjS4SGMjxhAphdrbjssR0A=,1938141606,,
AQAAAPTvRFp0TBVAoRfuXBgbR0A=,1958855373,,
AQAAAEAcf/1rFBRAQ4qmWNpcRkA=,2018203924,,
AQAAAE71v7dEORVAKu7TTFLHRkA=,2020436716,,"Caserne de Pompiers"
AQAAADe2jfXDphNAbI+Dt6zbRkA=,2019618075,,"Caserne de pompier"
AQAAAD2bVZ+rJRZANdQoJJkZRkA=,2020137791,,
AQAAABA8YwT5fhpAgEi/fR0CR0A=,2039046593,,"Caserne des pompiers"
AQAAAM/f3/t2pRhAkZH9PcLqRkA=,2049554548,,"Centre de secours"
AQAAACpLviN0gRBA9KYiFcbGRkA=,2083935837,,
AQAAADsPOFz1ghJAMLyS5LnKRkA=,2090239934,,
AQAAACiqbXmbLRFAxVkRNdFERkA=,2118040500,,"Centre de Secours"
AQAAAMT5iiQw5BNAJ+7CIPrdRkA=,2133833884,,"Caserne de Chassieu"
AQAAAFsmw/F8/hJA6+dNRSpgRkA=,2153179610,,"pompiers"
AQAAANAzUd+NeBFA/0P67etSRkA=,2151955940,,"Caserne de Pompiers de Labégude"
AQAAAF6WwPdIZBJAgCfSouPCRkA=,2156090801,,"Service Incendie Secours"
AQAAAIp0P6cgbxVAYBuWq8QAR0A=,2179975783,,"Ambronay"
AQAAAHOJIw9Epg9AtmtCWmNTRkA=,2189923983,,
AQAAABb7y+7JGxVA8oAN48n6RkA=,2195442338,,"CIS de Saint-Maurice-de-Remens"
AQAAAMrR0sveYBRAuG0pMRnrRkA=,2195459380,,"CIS de Balan"
AQAAAH4ohwWtThFApZ8VvfiyRkA=,2213103870,,
AQAAACXzI9l+3RJARvqjXqbGRkA=,2229352100,,
AQAAADrVtVH4RxVAI+geyDASR0A=,2238970421,,
AQAAAIT8x50tgxFAAFWB/1LRRkA=,2297018802,,"Pompiers"
AQAAAAoGIWrsfBFA4iDGEKW3RkA=,2302348815,,
AQAAAIP4ZdWMiRFAhvagVoe7RkA=,2313302279,,"SDIS 42"
AQAAAAYzARoAHRdAMIvkhjqhRkA=,2325210178,,"caserne pompiers"
AQAAABTgBVs2xBFAdlfRelPIRkA=,2318557403,,
AQAAAAI8s27NxxZA7jck/92WRkA=,2326713459,,"CSP Seyssinet-Pariset"
AQAAAAGtVKsKqBFAEoL6O4C2RkA=,2318977866,,"Centre d'intervention n°2 Beaulieu La Métare"
AQAAAPVkoxjF7xVAOpZ31QPHRkA=,2337867737,,"Pompiers"
AQAAALiCXJg76RJAW4022OV4RkA=,2342433991,,
AQAAANP99ztvFhFAqmdBKO/qRkA=,2345419692,,
AQAAAOk0wSYhRxNAjKWjd4VMRkA=,2355733541,,"Sapeur Pompiers de Sauzet"
AQAAAEvrbwnAXxdAvcXDew7ARkA=,2366027543,,"Sapeurs Pompiers"
AQAAAJTT6B+O3xZA/GqzVll5RkA=,2370714940,,"borne incendie"
AQAAAF2LFqBtNRJAOWrgou6ZRkA=,2392360909,,
AQAAAH0w37AjfBVAxFEDF3UKR0A=,2407930615,,
AQAAAGqBh7NstxhAeRDxxc3/RkA=,2412111118,,"Pompiers Groisy"
AQAAAHXN5JttlhFAJ+q7EcxPRkA=,2460401414,,
AQAAAJs2iHvRuxRAw3mCDgTTRkA=,2471254019,,"Sapeurs Pompiers"
AQAAAP7AsFezoRNAYCLeOv81RkA=,2470185718,,
AQAAAB3wVBv3uRhAKAS8Fj4VR0A=,2486265583,,"Service du Feu"
AQAAAGm66HXVpRNAhNbDl4nvRkA=,2589190399,,
AQAAAJl77T5s7hNA1QrT9xrqRkA=,2610520425,,
AQAAAFwSsdLu4RFAlNUZhF5ORkA=,2673050114,,"Pompiers"
AQAAAGEeMuVD+BpAVKI2u/+cRkA=,2700605021,,
AQAAAA9hoXt7VBpA4I1gPrQSR0A=,2731522923,,"Centre de secours"
AQAAAPWaw1oh0RJAatX4loMxRkA=,2834518901,,
AQAAAMyHVt3ZhRdAsn1tojujRkA=,2851083717,,
AQAAAAX3qGSlnhNA4iL3dHX/RkA=,2924907802,,
AQAAALfz/dR4ERZAr1nTYSoiR0A=,2928950568,,
AQAAAJ6dZ0cFkRRAgfM9fspjRkA=,2954072831,,
AQAAAIcctoiDLxVA2HllKDj2RkA=,2980224138,,
AQAAANesjneixxFA3AWUl0akRkA=,2995383863,,"Centre d'incendie et de secours Saint-Régis-du-Coin"
AQAAAEfTNINTKhlADm5rC88XR0A=,3038900640,,"Pompiers"
AQAAAAaDa+7o1xJAhNiZQufvRkA=,3096442337,,
AQAAAP/l//qN2xFAVk1rLpJIRkA=,3223380716,,"Sappeur Pompier"
AQAAAIMtG0I6URdAMe1AQjn6RkA=,3336745693,,"CIS Seyssel"
AQAAABk4Rey45hBAoF9KE6VWRkA=,3378103763,,"Centre d'incendie et de secours"
AQAAANs6k5EO2hNAYQsw4vEOR0A=,3388075525,,
AQAAAK4GcppPhxdAcMhQX+C5RkA=,3461573913,,
AQAAAFwN5DSfbhFATtyFQfRHRkA=,3463667919,,
AQAAAPSaDeg7LhZA96eeFs3NRkA=,3574741694,,"Centre de Secours"
AQAAAD84nzpWQRRA+D1FacrpRkA=,3592358201,,
AQAAAFYlNsQd9BNAMPJXbaPiRkA=,3606644462,,
AQAAAJ/8J8mE8RFAEz8QatDFRkA=,3609035797,,
AQAAAJ7/aEmR9hJAJIvqY/QNR0A=,3625621702,,
AQAAAPC2HPnN1hNAbs/iezUjR0A=,3676436129,,"Caserne de Saint-Cyr"
AQAAAFUgaSbOKBZAvCL430rQRkA=,3689078108,,"Pompiers"
AQAAAI9bJ4mA1hNA/i7HhsmJRkA=,3709216911,,
AQAAAGHf82hPhhFAMmWW83sCR0A=,3721317986,,
AQAAALUhWoaT7xBAoeRpVDvTRkA=,3751271839,,"Caserne de Pompiers"
AQAAADmxLD0/CRVAf7GtVXE0R0A=,3914156406,,
AQAAAHGkfb0MsBJAGjigpSvQRkA=,3906441787,,"Caserne de pompier"
AQAAAH2wMVRq0xpA5aMg0zXBRkA=,3957040963,,
AQAAAEBZjBWQARJAae0RxT/ORkA=,3981229702,,
AQAAAN6XjpSIYxRAHfEaqhjvRkA=,4035144024,,
AQAAAK1HKwgvwxhAYIsnzMX3RkA=,4112379389,,"Pompiers"
AQAAADvb7cT2BBRAlAmuqHdzRkA=,4118503651,,
AQAAACNgvgaOFRRA23egqTLoRkA=,4126656695,,
AQAAACeDSCtjiBlAcgVvo1wqR0A=,4152249212,,"Sapeurs Pompiers"
AQAAAKF430JoFhtAYNflSvMGR0A=,4197029407,,"Pompiers"
AQAAAPDR0WAJ+hFA6Qca2M8GR0A=,4304720691,,
AQAAAA8AZggR+hFAtPRXfs8GR0A=,4303241999,,
AQAAALl1kgjoGRtAWci30sacRkA=,4297153575,,
AQAAAESmfAiq/hJA9Tf8yXOxRkA=,4324807750,,"Sapeurs-Pompiers"
AQAAADvUpTW8NxNAJoPtcfDKRkA=,4325020284,,"Centre de Secours"
AQAAAKRuDKYGrxNAIXKfwUsTR0A=,4386670442,,
AQAAAD/zKEtjmhFAsx2dBICkRkA=,4364506698,,
AQAAAGEWf4BaGRRAVpEbj2NcRkA=,4398391089,,"Pompieres"
AQAAAOCM9WgFURRADnZ5KSvHRkA=,4426497090,,"Sapeurs Pompiers"
AQAAAJ9y8VyEPhlAia6whcUIR0A=,4449700199,,
AQAAAGz801ehQhlAQl96+3PxRkA=,4460520123,,"Centre de secours"
AQAAAA/dR8kGlRpAgLflyG+4RkA=,4467940191,,
AQAAAKdl/5fGchtAb3cg/NX0RkA=,4510277219,,"Centre d'incendie et de secours de Chamonix"
AQAAAMEso0dCORFAGI+clmkPR0A=,4564158384,,"Sapeurs Pompiers"
AQAAABZxlYLJeBNA7uQd8XW6RkA=,4554198379,,"Pompiers"
AQAAAHgAetCiHRhARUVBlT8QR0A=,4693321594,,"CPI Viry"
AQAAAP+dSIuOZxhAGaJUDKEmR0A=,4707096436,,"CPI Versonnex"
AQAAADt2UInrSBhANxrAWyAmR0A=,4727927100,,"CPI Ségny"
AQAAAEOqzaTyAxhAKUqd298TR0A=,4723906973,,"Sapeurs Pompiers d'Avusy"
AQAAAMi44uKoJBhAINYbtcIjR0A=,4724008470,,"CPI Chevry"
AQAAAA9FJoUe5hdAb+pNVlYTR0A=,4723906976,,"Sapeurs-pompiers de Chancy"
AQAAALpXQWctEBhABOuTNxskR0A=,4724006102,,"CPI Crozet"
AQAAAP/TDRR4XxhAPKr12VwjR0A=,4724025552,,"CPI Ornex"
AQAAALt7JTVZSBZAN3qQ+dupRkA=,4800872543,,"Service Départemental d'Incendie et de Secours de l'Isère"
AQAAANpf0QiR1xdAD1cYbDSuRkA=,4823069625,,"Le Touvet"
AQAAAGXtSiYC0BdARPV7B+T+RkA=,4857884078,,
AQAAAFxaDYl7jBFArWtZY3WBRkA=,4960144226,,"Caserne Pompier"
AQAAAFE4Fm+/fxhA05J9RtgiR0A=,5008413467,,"Sapeurs Pompiers de Collex-Bossy"
AQAAALTwUG+h1hBAbzaxGxFbRkA=,5042845301,,
AQAAAEeAiS5egg9AO+Y8Y18BR0A=,5119234767,,
AQAAAOxJBbqbXBJAOvDFcqacRkA=,5120335135,,
AQAAAIC4UJ4eKBFAo+nsZHCwRkA=,5122567234,,"Pompiers"
AQAAALU1IhgHZw9A4DyLlBz0RkA=,5138963471,,"Sapeurs-pompiers"
AQAAAMxeW+RD9Q5AUWuad5wWR0A=,5138955410,,"Sapeurs-Pompiers"
AQAAAMzLq4Q4CBFA0lYlkX0QR0A=,5140768309,,"Sapeurs-Pompiers"
AQAAAC3CA7l6DBFA3A94YADDRkA=,5142381616,,"Sapeurs-Pompiers"
AQAAANUzczc+wRBAKOQ5EbPoRkA=,5140746335,,"Sapeurs-pompiers"
AQAAACxB64YSOhFAj8qojUXyRkA=,5123504330,,"Pompiers"
AQAAABe6EoHqDxBAW6mxzkLqRkA=,5132224022,,"Sapeurs-Pompiers"
AQAAAKz0yUBUeBJAx/gwe9moRkA=,5132421426,,"Sapeurs-Pompiers"
AQAAAFBpaRPMVRJAi0KBLWW5RkA=,5144413580,,"Sapeurs-pompiers"
AQAAAM1v4vWq7xJATkpBt5fRRkA=,5158656412,,"SDIS"
AQAAAIIvljMl0xFA/oSzW8uJRkA=,5165896321,,
AQAAADL9XH7xxg9ArrQxGwneRkA=,5116516172,,
AQAAAOfZ9od3+hBAI119hoHyRkA=,5134449417,,"Sapeurs-pompiers"
AQAAAAGSn0PPbBFAV7mrskrcRkA=,5135844998,,"Sapeurs-pompiers"
AQAAAELuIkxR3hBAbSXPUDf5RkA=,5136993566,,"Sapeurs-pompiers"
AQAAAJVeQNQi9xdACJfp8kG7RkA=,5208728454,,"Sapeurs Pompiers"
AQAAAIkbASa6sBJABA/CkmHZRkA=,5297417521,,"Pompiers"
